bin,center_mhz,freq_mhz,dbm,mw
0,213.000000,212.800000,-92.938,5.08452e-10
1,213.000000,212.800802,-87.938,1.60787e-09
2,213.000000,212.801603,-94.938,3.20812e-10
3,213.000000,212.802405,-94.438,3.59956e-10
4,213.000000,212.803206,-94.438,3.59956e-10
5,213.000000,212.804008,-93.938,4.03878e-10
6,213.000000,212.804810,-96.438,2.27117e-10
7,213.000000,212.805611,-92.938,5.08452e-10
8,213.000000,212.806413,-93.438,4.53158e-10
9,213.000000,212.807214,-95.938,2.5483e-10
10,213.000000,212.808016,-92.938,5.08452e-10
11,213.000000,212.808818,-94.938,3.20812e-10
12,213.000000,212.809619,-90.438,9.0417e-10
13,213.000000,212.810421,-90.438,9.0417e-10
14,213.000000,212.811222,-91.938,6.40103e-10
15,213.000000,212.812024,-90.438,9.0417e-10
16,213.000000,212.812826,-93.938,4.03878e-10
17,213.000000,212.813627,-91.938,6.40103e-10
18,213.000000,212.814429,-90.438,9.0417e-10
19,213.000000,212.815230,-89.938,1.0145e-09
20,213.000000,212.816032,-92.938,5.08452e-10
21,213.000000,212.816834,-90.938,8.05842e-10
22,213.000000,212.817635,-94.438,3.59956e-10
23,213.000000,212.818437,-90.438,9.0417e-10
24,213.000000,212.819238,-94.438,3.59956e-10
25,213.000000,212.820040,-94.438,3.59956e-10
26,213.000000,212.820842,-93.938,4.03878e-10
27,213.000000,212.821643,-94.938,3.20812e-10
28,213.000000,212.822445,-88.938,1.27717e-09
29,213.000000,212.823246,-93.938,4.03878e-10
30,213.000000,212.824048,-93.438,4.53158e-10
31,213.000000,212.824850,-91.438,7.18208e-10
32,213.000000,212.825651,-90.438,9.0417e-10
33,213.000000,212.826453,-92.938,5.08452e-10
34,213.000000,212.827254,-88.438,1.43301e-09
35,213.000000,212.828056,-88.438,1.43301e-09
36,213.000000,212.828858,-88.438,1.43301e-09
37,213.000000,212.829659,-90.438,9.0417e-10
38,213.000000,212.830461,-91.938,6.40103e-10
39,213.000000,212.831262,-90.438,9.0417e-10
40,213.000000,212.832064,-96.938,2.02418e-10
41,213.000000,212.832866,-96.438,2.27117e-10
42,213.000000,212.833667,-95.438,2.85924e-10
43,213.000000,212.834469,-96.438,2.27117e-10
44,213.000000,212.835271,-89.938,1.0145e-09
45,213.000000,212.836072,-92.438,5.70493e-10
46,213.000000,212.836874,-90.438,9.0417e-10
47,213.000000,212.837675,-94.938,3.20812e-10
48,213.000000,212.838477,-92.438,5.70493e-10
49,213.000000,212.839279,-91.438,7.18208e-10
50,213.000000,212.840080,-92.938,5.08452e-10
51,213.000000,212.840882,-91.438,7.18208e-10
52,213.000000,212.841683,-90.438,9.0417e-10
53,213.000000,212.842485,-90.938,8.05842e-10
54,213.000000,212.843287,-91.438,7.18208e-10
55,213.000000,212.844088,-92.438,5.70493e-10
56,213.000000,212.844890,-88.938,1.27717e-09
57,213.000000,212.845691,-91.438,7.18208e-10
58,213.000000,212.846493,-94.938,3.20812e-10
59,213.000000,212.847295,-91.438,7.18208e-10
60,213.000000,212.848096,-90.938,8.05842e-10
61,213.000000,212.848898,-92.938,5.08452e-10
62,213.000000,212.849699,-88.938,1.27717e-09
63,213.000000,212.850501,-92.938,5.08452e-10
64,213.000000,212.851303,-91.438,7.18208e-10
65,213.000000,212.852104,-91.938,6.40103e-10
66,213.000000,212.852906,-90.938,8.05842e-10
67,213.000000,212.853707,-94.438,3.59956e-10
68,213.000000,212.854509,-92.438,5.70493e-10
69,213.000000,212.855311,-92.938,5.08452e-10
70,213.000000,212.856112,-90.938,8.05842e-10
71,213.000000,212.856914,-93.438,4.53158e-10
72,213.000000,212.857715,-95.438,2.85924e-10
73,213.000000,212.858517,-93.938,4.03878e-10
74,213.000000,212.859319,-93.438,4.53158e-10
75,213.000000,212.860120,-91.438,7.18208e-10
76,213.000000,212.860922,-94.438,3.59956e-10
77,213.000000,212.861723,-91.438,7.18208e-10
78,213.000000,212.862525,-89.938,1.0145e-09
79,213.000000,212.863327,-89.938,1.0145e-09
80,213.000000,212.864128,-89.438,1.13828e-09
81,213.000000,212.864930,-93.438,4.53158e-10
82,213.000000,212.865731,-89.938,1.0145e-09
83,213.000000,212.866533,-90.438,9.0417e-10
84,213.000000,212.867335,-92.938,5.08452e-10
85,213.000000,212.868136,-90.938,8.05842e-10
86,213.000000,212.868938,-93.938,4.03878e-10
87,213.000000,212.869739,-95.438,2.85924e-10
88,213.000000,212.870541,-87.938,1.60787e-09
89,213.000000,212.871343,-91.938,6.40103e-10
90,213.000000,212.872144,-90.938,8.05842e-10
91,213.000000,212.872946,-93.938,4.03878e-10
92,213.000000,212.873747,-93.938,4.03878e-10
93,213.000000,212.874549,-92.938,5.08452e-10
94,213.000000,212.875351,-93.938,4.03878e-10
95,213.000000,212.876152,-90.938,8.05842e-10
96,213.000000,212.876954,-89.438,1.13828e-09
97,213.000000,212.877755,-92.938,5.08452e-10
98,213.000000,212.878557,-90.438,9.0417e-10
99,213.000000,212.879359,-86.938,2.02418e-09
100,213.000000,212.880160,-90.438,9.0417e-10
101,213.000000,212.880962,-92.938,5.08452e-10
102,213.000000,212.881763,-89.438,1.13828e-09
103,213.000000,212.882565,-92.938,5.08452e-10
104,213.000000,212.883367,-89.438,1.13828e-09
105,213.000000,212.884168,-92.938,5.08452e-10
106,213.000000,212.884970,-91.438,7.18208e-10
107,213.000000,212.885771,-91.938,6.40103e-10
108,213.000000,212.886573,-85.938,2.5483e-09
109,213.000000,212.887375,-90.438,9.0417e-10
110,213.000000,212.888176,-91.438,7.18208e-10
111,213.000000,212.888978,-93.438,4.53158e-10
112,213.000000,212.889779,-90.938,8.05842e-10
113,213.000000,212.890581,-94.938,3.20812e-10
114,213.000000,212.891383,-92.438,5.70493e-10
115,213.000000,212.892184,-87.438,1.80406e-09
116,213.000000,212.892986,-89.438,1.13828e-09
117,213.000000,212.893787,-94.438,3.59956e-10
118,213.000000,212.894589,-91.438,7.18208e-10
119,213.000000,212.895391,-92.938,5.08452e-10
120,213.000000,212.896192,-89.438,1.13828e-09
121,213.000000,212.896994,-94.938,3.20812e-10
122,213.000000,212.897795,-95.938,2.5483e-10
123,213.000000,212.898597,-93.938,4.03878e-10
124,213.000000,212.899399,-90.938,8.05842e-10
125,213.000000,212.900200,-89.438,1.13828e-09
126,213.000000,212.901002,-90.938,8.05842e-10
127,213.000000,212.901804,-91.438,7.18208e-10
128,213.000000,212.902605,-93.438,4.53158e-10
129,213.000000,212.903407,-91.938,6.40103e-10
130,213.000000,212.904208,-90.938,8.05842e-10
131,213.000000,212.905010,-92.938,5.08452e-10
132,213.000000,212.905812,-90.438,9.0417e-10
133,213.000000,212.906613,-92.938,5.08452e-10
134,213.000000,212.907415,-90.438,9.0417e-10
135,213.000000,212.908216,-87.938,1.60787e-09
136,213.000000,212.909018,-90.938,8.05842e-10
137,213.000000,212.909820,-93.938,4.03878e-10
138,213.000000,212.910621,-93.438,4.53158e-10
139,213.000000,212.911423,-92.438,5.70493e-10
140,213.000000,212.912224,-92.938,5.08452e-10
141,213.000000,212.913026,-87.938,1.60787e-09
142,213.000000,212.913828,-88.438,1.43301e-09
143,213.000000,212.914629,-92.438,5.70493e-10
144,213.000000,212.915431,-91.938,6.40103e-10
145,213.000000,212.916232,-91.438,7.18208e-10
146,213.000000,212.917034,-87.938,1.60787e-09
147,213.000000,212.917836,-90.438,9.0417e-10
148,213.000000,212.918637,-92.938,5.08452e-10
149,213.000000,212.919439,-94.438,3.59956e-10
150,213.000000,212.920240,-85.938,2.5483e-09
151,213.000000,212.921042,-89.938,1.0145e-09
152,213.000000,212.921844,-90.938,8.05842e-10
153,213.000000,212.922645,-90.938,8.05842e-10
154,213.000000,212.923447,-91.938,6.40103e-10
155,213.000000,212.924248,-85.438,2.85924e-09
156,213.000000,212.925050,-91.938,6.40103e-10
157,213.000000,212.925852,-89.438,1.13828e-09
158,213.000000,212.926653,-90.438,9.0417e-10
159,213.000000,212.927455,-91.438,7.18208e-10
160,213.000000,212.928256,-95.438,2.85924e-10
161,213.000000,212.929058,-91.938,6.40103e-10
162,213.000000,212.929860,-93.438,4.53158e-10
163,213.000000,212.930661,-92.438,5.70493e-10
164,213.000000,212.931463,-89.438,1.13828e-09
165,213.000000,212.932264,-91.438,7.18208e-10
166,213.000000,212.933066,-90.938,8.05842e-10
167,213.000000,212.933868,-90.938,8.05842e-10
168,213.000000,212.934669,-91.938,6.40103e-10
169,213.000000,212.935471,-93.438,4.53158e-10
170,213.000000,212.936272,-90.938,8.05842e-10
171,213.000000,212.937074,-92.938,5.08452e-10
172,213.000000,212.937876,-90.938,8.05842e-10
173,213.000000,212.938677,-92.438,5.70493e-10
174,213.000000,212.939479,-92.938,5.08452e-10
175,213.000000,212.940280,-92.438,5.70493e-10
176,213.000000,212.941082,-92.938,5.08452e-10
177,213.000000,212.941884,-88.438,1.43301e-09
178,213.000000,212.942685,-91.938,6.40103e-10
179,213.000000,212.943487,-87.438,1.80406e-09
180,213.000000,212.944288,-89.438,1.13828e-09
181,213.000000,212.945090,-92.438,5.70493e-10
182,213.000000,212.945892,-88.438,1.43301e-09
183,213.000000,212.946693,-89.938,1.0145e-09
184,213.000000,212.947495,-84.438,3.59956e-09
185,213.000000,212.948296,-90.438,9.0417e-10
186,213.000000,212.949098,-89.438,1.13828e-09
187,213.000000,212.949900,-92.938,5.08452e-10
188,213.000000,212.950701,-87.438,1.80406e-09
189,213.000000,212.951503,-89.438,1.13828e-09
190,213.000000,212.952304,-89.938,1.0145e-09
191,213.000000,212.953106,-92.438,5.70493e-10
192,213.000000,212.953908,-91.938,6.40103e-10
193,213.000000,212.954709,-80.938,8.05842e-09
194,213.000000,212.955511,-90.438,9.0417e-10
195,213.000000,212.956312,-90.938,8.05842e-10
196,213.000000,212.957114,-91.938,6.40103e-10
197,213.000000,212.957916,-84.438,3.59956e-09
198,213.000000,212.958717,-79.938,1.0145e-08
199,213.000000,212.959519,-86.938,2.02418e-09
200,213.000000,212.960320,-87.938,1.60787e-09
201,213.000000,212.961122,-81.938,6.40103e-09
202,213.000000,212.961924,-75.938,2.5483e-08
203,213.000000,212.962725,-79.438,1.13828e-08
204,213.000000,212.963527,-90.938,8.05842e-10
205,213.000000,212.964328,-85.938,2.5483e-09
206,213.000000,212.965130,-87.938,1.60787e-09
207,213.000000,212.965932,-80.438,9.0417e-09
208,213.000000,212.966733,-82.438,5.70493e-09
209,213.000000,212.967535,-81.938,6.40103e-09
210,213.000000,212.968337,-82.938,5.08452e-09
211,213.000000,212.969138,-77.438,1.80406e-08
212,213.000000,212.969940,-71.438,7.18208e-08
213,213.000000,212.970741,-77.438,1.80406e-08
214,213.000000,212.971543,-75.438,2.85924e-08
215,213.000000,212.972345,-80.938,8.05842e-09
216,213.000000,212.973146,-76.938,2.02418e-08
217,213.000000,212.973948,-76.438,2.27117e-08
218,213.000000,212.974749,-83.438,4.53158e-09
219,213.000000,212.975551,-82.438,5.70493e-09
220,213.000000,212.976353,-81.938,6.40103e-09
221,213.000000,212.977154,-78.438,1.43301e-08
222,213.000000,212.977956,-84.938,3.20812e-09
223,213.000000,212.978757,-80.938,8.05842e-09
224,213.000000,212.979559,-85.438,2.85924e-09
225,213.000000,212.980361,-82.438,5.70493e-09
226,213.000000,212.981162,-83.938,4.03878e-09
227,213.000000,212.981964,-84.938,3.20812e-09
228,213.000000,212.982765,-87.438,1.80406e-09
229,213.000000,212.983567,-85.438,2.85924e-09
230,213.000000,212.984369,-74.938,3.20812e-08
231,213.000000,212.985170,-74.438,3.59956e-08
232,213.000000,212.985972,-84.938,3.20812e-09
233,213.000000,212.986773,-84.438,3.59956e-09
234,213.000000,212.987575,-85.438,2.85924e-09
235,213.000000,212.988377,-81.938,6.40103e-09
236,213.000000,212.989178,-87.438,1.80406e-09
237,213.000000,212.989980,-85.438,2.85924e-09
238,213.000000,212.990781,-88.938,1.27717e-09
239,213.000000,212.991583,-83.438,4.53158e-09
240,213.000000,212.992385,-81.938,6.40103e-09
241,213.000000,212.993186,-85.438,2.85924e-09
242,213.000000,212.993988,-85.938,2.5483e-09
243,213.000000,212.994789,-82.438,5.70493e-09
244,213.000000,212.995591,-84.438,3.59956e-09
245,213.000000,212.996393,-82.938,5.08452e-09
246,213.000000,212.997194,-82.438,5.70493e-09
247,213.000000,212.997996,-54.438,3.59956e-06
248,213.000000,212.998797,-26.438,0.00227117
249,213.000000,212.999599,-20.438,0.0090417
250,213.000000,213.000401,-22.406,0.00574612
251,213.000000,213.001203,-37.906,0.000161948
252,213.000000,213.002004,-73.906,4.06794e-08
253,213.000000,213.002806,-76.906,2.0388e-08
254,213.000000,213.003607,-80.406,9.10699e-09
255,213.000000,213.004409,-81.406,7.23394e-09
256,213.000000,213.005211,-80.906,8.11662e-09
257,213.000000,213.006012,-67.906,1.61948e-07
258,213.000000,213.006814,-62.906,5.12124e-07
259,213.000000,213.007615,-63.906,4.06794e-07
260,213.000000,213.008417,-74.406,3.62556e-08
261,213.000000,213.009219,-85.406,2.87988e-09
262,213.000000,213.010020,-81.406,7.23394e-09
263,213.000000,213.010822,-82.906,5.12124e-09
264,213.000000,213.011623,-82.406,5.74612e-09
265,213.000000,213.012425,-83.406,4.56431e-09
266,213.000000,213.013227,-85.906,2.5667e-09
267,213.000000,213.014028,-79.406,1.1465e-08
268,213.000000,213.014830,-74.906,3.23128e-08
269,213.000000,213.015631,-78.906,1.2864e-08
270,213.000000,213.016433,-82.906,5.12124e-09
271,213.000000,213.017235,-80.406,9.10699e-09
272,213.000000,213.018036,-71.906,6.44726e-08
273,213.000000,213.018838,-70.906,8.11662e-08
274,213.000000,213.019639,-79.406,1.1465e-08
275,213.000000,213.020441,-81.406,7.23394e-09
276,213.000000,213.021243,-78.406,1.44336e-08
277,213.000000,213.022044,-72.406,5.74612e-08
278,213.000000,213.022846,-71.906,6.44726e-08
279,213.000000,213.023647,-83.906,4.06794e-09
280,213.000000,213.024449,-82.406,5.74612e-09
281,213.000000,213.025251,-71.406,7.23394e-08
282,213.000000,213.026052,-68.406,1.44336e-07
283,213.000000,213.026854,-73.406,4.56431e-08
284,213.000000,213.027655,-72.406,5.74612e-08
285,213.000000,213.028457,-76.406,2.28757e-08
286,213.000000,213.029259,-74.906,3.23128e-08
287,213.000000,213.030060,-70.906,8.11662e-08
288,213.000000,213.030862,-81.906,6.44726e-09
289,213.000000,213.031663,-82.406,5.74612e-09
290,213.000000,213.032465,-80.406,9.10699e-09
291,213.000000,213.033267,-74.406,3.62556e-08
292,213.000000,213.034068,-76.906,2.0388e-08
293,213.000000,213.034870,-84.906,3.23128e-09
294,213.000000,213.035672,-87.906,1.61948e-09
295,213.000000,213.036473,-83.906,4.06794e-09
296,213.000000,213.037275,-86.406,2.28757e-09
297,213.000000,213.038076,-85.406,2.87988e-09
298,213.000000,213.038878,-86.906,2.0388e-09
299,213.000000,213.039680,-87.906,1.61948e-09
300,213.000000,213.040481,-82.406,5.74612e-09
301,213.000000,213.041283,-82.906,5.12124e-09
302,213.000000,213.042084,-90.406,9.10699e-10
303,213.000000,213.042886,-89.406,1.1465e-09
304,213.000000,213.043688,-89.906,1.02182e-09
305,213.000000,213.044489,-85.906,2.5667e-09
306,213.000000,213.045291,-89.906,1.02182e-09
307,213.000000,213.046092,-88.406,1.44336e-09
308,213.000000,213.046894,-92.406,5.74612e-10
309,213.000000,213.047696,-89.906,1.02182e-09
310,213.000000,213.048497,-87.406,1.81708e-09
311,213.000000,213.049299,-89.906,1.02182e-09
312,213.000000,213.050100,-89.406,1.1465e-09
313,213.000000,213.050902,-95.906,2.5667e-10
314,213.000000,213.051704,-93.906,4.06794e-10
315,213.000000,213.052505,-92.406,5.74612e-10
316,213.000000,213.053307,-96.906,2.0388e-10
317,213.000000,213.054108,-97.406,1.81708e-10
318,213.000000,213.054910,-95.906,2.5667e-10
319,213.000000,213.055712,-86.906,2.0388e-09
320,213.000000,213.056513,-89.406,1.1465e-09
321,213.000000,213.057315,-90.406,9.10699e-10
322,213.000000,213.058116,-90.906,8.11662e-10
323,213.000000,213.058918,-99.406,1.1465e-10
324,213.000000,213.059720,-89.906,1.02182e-09
325,213.000000,213.060521,-88.906,1.2864e-09
326,213.000000,213.061323,-90.406,9.10699e-10
327,213.000000,213.062124,-92.406,5.74612e-10
328,213.000000,213.062926,-89.906,1.02182e-09
329,213.000000,213.063728,-93.906,4.06794e-10
330,213.000000,213.064529,-96.406,2.28757e-10
331,213.000000,213.065331,-95.406,2.87988e-10
332,213.000000,213.066132,-90.906,8.11662e-10
333,213.000000,213.066934,-94.906,3.23128e-10
334,213.000000,213.067736,-93.906,4.06794e-10
335,213.000000,213.068537,-94.406,3.62556e-10
336,213.000000,213.069339,-93.406,4.56431e-10
337,213.000000,213.070140,-93.906,4.06794e-10
338,213.000000,213.070942,-88.906,1.2864e-09
339,213.000000,213.071744,-93.906,4.06794e-10
340,213.000000,213.072545,-96.406,2.28757e-10
341,213.000000,213.073347,-95.906,2.5667e-10
342,213.000000,213.074148,-99.906,1.02182e-10
343,213.000000,213.074950,-95.406,2.87988e-10
344,213.000000,213.075752,-97.406,1.81708e-10
345,213.000000,213.076553,-93.406,4.56431e-10
346,213.000000,213.077355,-100.906,8.11671e-11
347,213.000000,213.078156,-95.906,2.5667e-10
348,213.000000,213.078958,-93.906,4.06794e-10
349,213.000000,213.079760,-94.906,3.23128e-10
350,213.000000,213.080561,-99.906,1.02182e-10
351,213.000000,213.081363,-94.406,3.62556e-10
352,213.000000,213.082164,-98.406,1.44336e-10
353,213.000000,213.082966,-97.406,1.81708e-10
354,213.000000,213.083768,-94.906,3.23128e-10
355,213.000000,213.084569,-100.406,9.1071e-11
356,213.000000,213.085371,-95.906,2.5667e-10
357,213.000000,213.086172,-91.906,6.44726e-10
358,213.000000,213.086974,-93.406,4.56431e-10
359,213.000000,213.087776,-99.906,1.02182e-10
360,213.000000,213.088577,-97.906,1.61948e-10
361,213.000000,213.089379,-98.406,1.44336e-10
362,213.000000,213.090180,-95.906,2.5667e-10
363,213.000000,213.090982,-98.406,1.44336e-10
364,213.000000,213.091784,-100.406,9.1071e-11
365,213.000000,213.092585,-100.406,9.1071e-11
366,213.000000,213.093387,-101.906,6.44733e-11
367,213.000000,213.094188,-96.406,2.28757e-10
368,213.000000,213.094990,-94.906,3.23128e-10
369,213.000000,213.095792,-95.906,2.5667e-10
370,213.000000,213.096593,-95.406,2.87988e-10
371,213.000000,213.097395,-94.406,3.62556e-10
372,213.000000,213.098196,-91.906,6.44726e-10
373,213.000000,213.098998,-96.906,2.0388e-10
374,213.000000,213.099800,-93.906,4.06794e-10
375,213.000000,213.100601,-95.406,2.87988e-10
376,213.000000,213.101403,-100.906,8.11671e-11
377,213.000000,213.102205,-93.406,4.56431e-10
378,213.000000,213.103006,-98.406,1.44336e-10
379,213.000000,213.103808,-94.406,3.62556e-10
380,213.000000,213.104609,-99.906,1.02182e-10
381,213.000000,213.105411,-93.406,4.56431e-10
382,213.000000,213.106213,-94.406,3.62556e-10
383,213.000000,213.107014,-95.906,2.5667e-10
384,213.000000,213.107816,-95.906,2.5667e-10
385,213.000000,213.108617,-97.906,1.61948e-10
386,213.000000,213.109419,-94.906,3.23128e-10
387,213.000000,213.110221,-98.406,1.44336e-10
388,213.000000,213.111022,-97.406,1.81708e-10
389,213.000000,213.111824,-98.406,1.44336e-10
390,213.000000,213.112625,-94.406,3.62556e-10
391,213.000000,213.113427,-100.406,9.1071e-11
392,213.000000,213.114229,-96.906,2.0388e-10
393,213.000000,213.115030,-98.406,1.44336e-10
394,213.000000,213.115832,-94.906,3.23128e-10
395,213.000000,213.116633,-97.906,1.61948e-10
396,213.000000,213.117435,-96.906,2.0388e-10
397,213.000000,213.118237,-94.406,3.62556e-10
398,213.000000,213.119038,-94.906,3.23128e-10
399,213.000000,213.119840,-93.906,4.06794e-10
400,213.000000,213.120641,-97.406,1.81708e-10
401,213.000000,213.121443,-97.406,1.81708e-10
402,213.000000,213.122245,-93.906,4.06794e-10
403,213.000000,213.123046,-98.406,1.44336e-10
404,213.000000,213.123848,-98.406,1.44336e-10
405,213.000000,213.124649,-100.406,9.1071e-11
406,213.000000,213.125451,-95.906,2.5667e-10
407,213.000000,213.126253,-97.906,1.61948e-10
408,213.000000,213.127054,-96.906,2.0388e-10
409,213.000000,213.127856,-93.406,4.56431e-10
410,213.000000,213.128657,-98.406,1.44336e-10
411,213.000000,213.129459,-94.906,3.23128e-10
412,213.000000,213.130261,-98.906,1.2864e-10
413,213.000000,213.131062,-96.406,2.28757e-10
414,213.000000,213.131864,-98.406,1.44336e-10
415,213.000000,213.132665,-100.406,9.1071e-11
416,213.000000,213.133467,-98.906,1.2864e-10
417,213.000000,213.134269,-95.906,2.5667e-10
418,213.000000,213.135070,-97.406,1.81708e-10
419,213.000000,213.135872,-97.406,1.81708e-10
420,213.000000,213.136673,-96.406,2.28757e-10
421,213.000000,213.137475,-98.906,1.2864e-10
422,213.000000,213.138277,-97.906,1.61948e-10
423,213.000000,213.139078,-99.906,1.02182e-10
424,213.000000,213.139880,-95.406,2.87988e-10
425,213.000000,213.140681,-96.906,2.0388e-10
426,213.000000,213.141483,-98.906,1.2864e-10
427,213.000000,213.142285,-95.906,2.5667e-10
428,213.000000,213.143086,-95.406,2.87988e-10
429,213.000000,213.143888,-100.406,9.1071e-11
430,213.000000,213.144689,-94.406,3.62556e-10
431,213.000000,213.145491,-94.406,3.62556e-10
432,213.000000,213.146293,-99.906,1.02182e-10
433,213.000000,213.147094,-95.906,2.5667e-10
434,213.000000,213.147896,-96.906,2.0388e-10
435,213.000000,213.148697,-99.906,1.02182e-10
436,213.000000,213.149499,-100.406,9.1071e-11
437,213.000000,213.150301,-98.406,1.44336e-10
438,213.000000,213.151102,-100.406,9.1071e-11
439,213.000000,213.151904,-98.906,1.2864e-10
440,213.000000,213.152705,-97.406,1.81708e-10
441,213.000000,213.153507,-98.906,1.2864e-10
442,213.000000,213.154309,-97.406,1.81708e-10
443,213.000000,213.155110,-99.906,1.02182e-10
444,213.000000,213.155912,-100.406,9.1071e-11
445,213.000000,213.156713,-97.406,1.81708e-10
446,213.000000,213.157515,-99.906,1.02182e-10
447,213.000000,213.158317,-95.906,2.5667e-10
448,213.000000,213.159118,-96.906,2.0388e-10
449,213.000000,213.159920,-95.906,2.5667e-10
450,213.000000,213.160721,-98.906,1.2864e-10
451,213.000000,213.161523,-102.906,5.1213e-11
452,213.000000,213.162325,-100.406,9.1071e-11
453,213.000000,213.163126,-93.406,4.56431e-10
454,213.000000,213.163928,-95.906,2.5667e-10
455,213.000000,213.164729,-97.906,1.61948e-10
456,213.000000,213.165531,-99.906,1.02182e-10
457,213.000000,213.166333,-99.406,1.1465e-10
458,213.000000,213.167134,-97.406,1.81708e-10
459,213.000000,213.167936,-98.906,1.2864e-10
460,213.000000,213.168738,-98.906,1.2864e-10
461,213.000000,213.169539,-97.406,1.81708e-10
462,213.000000,213.170341,-98.906,1.2864e-10
463,213.000000,213.171142,-96.406,2.28757e-10
464,213.000000,213.171944,-98.906,1.2864e-10
465,213.000000,213.172746,-98.906,1.2864e-10
466,213.000000,213.173547,-96.406,2.28757e-10
467,213.000000,213.174349,-94.906,3.23128e-10
468,213.000000,213.175150,-98.906,1.2864e-10
469,213.000000,213.175952,-101.406,7.23402e-11
470,213.000000,213.176754,-95.406,2.87988e-10
471,213.000000,213.177555,-93.406,4.56431e-10
472,213.000000,213.178357,-95.406,2.87988e-10
473,213.000000,213.179158,-94.406,3.62556e-10
474,213.000000,213.179960,-100.406,9.1071e-11
475,213.000000,213.180762,-97.906,1.61948e-10
476,213.000000,213.181563,-98.406,1.44336e-10
477,213.000000,213.182365,-96.406,2.28757e-10
478,213.000000,213.183166,-103.406,4.56436e-11
479,213.000000,213.183968,-92.906,5.12124e-10
480,213.000000,213.184770,-100.406,9.1071e-11
481,213.000000,213.185571,-98.906,1.2864e-10
482,213.000000,213.186373,-97.406,1.81708e-10
483,213.000000,213.187174,-98.906,1.2864e-10
484,213.000000,213.187976,-94.906,3.23128e-10
485,213.000000,213.188778,-98.406,1.44336e-10
486,213.000000,213.189579,-98.906,1.2864e-10
487,213.000000,213.190381,-96.906,2.0388e-10
488,213.000000,213.191182,-94.906,3.23128e-10
489,213.000000,213.191984,-96.906,2.0388e-10
490,213.000000,213.192786,-97.406,1.81708e-10
491,213.000000,213.193587,-97.906,1.61948e-10
492,213.000000,213.194389,-95.406,2.87988e-10
493,213.000000,213.195190,-96.406,2.28757e-10
494,213.000000,213.195992,-94.906,3.23128e-10
495,213.000000,213.196794,-98.906,1.2864e-10
496,213.000000,213.197595,-98.406,1.44336e-10
497,213.000000,213.198397,-97.906,1.61948e-10
498,213.000000,213.199198,-92.906,5.12124e-10
499,213.000000,213.200000,-98.906,1.2864e-10
