freq_hz,R,measured_dbm,measured_mw
212800000.0,-6.0000,-115.969,2.53006e-12
212800802.0,-5.9759,-117.469,1.79114e-12
212801603.0,-5.9519,-121.969,6.35521e-13
212802405.0,-5.9278,-117.969,1.59636e-12
212803206.0,-5.9038,-121.469,7.13066e-13
212804008.0,-5.8798,-120.469,8.97697e-13
212804810.0,-5.8557,-121.969,6.35521e-13
212805611.0,-5.8317,-123.969,4.00987e-13
212806413.0,-5.8076,-114.969,3.18515e-12
212807214.0,-5.7836,-120.469,8.97697e-13
212808016.0,-5.7595,-124.469,3.5738e-13
212808818.0,-5.7355,-124.469,3.5738e-13
212809619.0,-5.7114,-117.969,1.59636e-12
212810421.0,-5.6874,-125.969,2.53006e-13
212811222.0,-5.6633,-120.469,8.97697e-13
212812024.0,-5.6393,-121.969,6.35521e-13
212812826.0,-5.6152,-122.469,5.66409e-13
212813627.0,-5.5912,-118.469,1.42275e-12
212814429.0,-5.5671,-123.969,4.00987e-13
212815230.0,-5.5431,-116.969,2.00969e-12
212816032.0,-5.5190,-119.469,1.13013e-12
212816834.0,-5.4950,-118.469,1.42275e-12
212817635.0,-5.4709,-119.969,1.00723e-12
212818437.0,-5.4469,-119.969,1.00723e-12
212819238.0,-5.4229,-120.469,8.97697e-13
212820040.0,-5.3988,-118.469,1.42275e-12
212820842.0,-5.3747,-116.469,2.25491e-12
212821643.0,-5.3507,-122.469,5.66409e-13
212822445.0,-5.3266,-123.969,4.00987e-13
212823246.0,-5.3026,-118.969,1.26803e-12
212824048.0,-5.2786,-120.469,8.97697e-13
212824850.0,-5.2545,-116.969,2.00969e-12
212825651.0,-5.2305,-124.469,3.5738e-13
212826453.0,-5.2064,-121.469,7.13066e-13
212827254.0,-5.1824,-124.469,3.5738e-13
212828056.0,-5.1583,-118.469,1.42275e-12
212828858.0,-5.1343,-121.969,6.35521e-13
212829659.0,-5.1102,-119.969,1.00723e-12
212830461.0,-5.0862,-121.969,6.35521e-13
212831262.0,-5.0621,-120.469,8.97697e-13
212832064.0,-5.0381,-122.469,5.66409e-13
212832866.0,-5.0140,-119.469,1.13013e-12
212833667.0,-4.9900,-116.969,2.00969e-12
212834469.0,-4.9659,-120.469,8.97697e-13
212835271.0,-4.9419,-117.969,1.59636e-12
212836072.0,-4.9178,-124.469,3.5738e-13
212836874.0,-4.8938,-122.469,5.66409e-13
212837675.0,-4.8697,-121.969,6.35521e-13
212838477.0,-4.8457,-121.469,7.13066e-13
212839279.0,-4.8216,-118.969,1.26803e-12
212840080.0,-4.7976,-122.969,5.04812e-13
212840882.0,-4.7735,-123.469,4.49915e-13
212841683.0,-4.7495,-119.969,1.00723e-12
212842485.0,-4.7254,-125.469,2.83877e-13
212843287.0,-4.7014,-121.969,6.35521e-13
212844088.0,-4.6774,-116.969,2.00969e-12
212844890.0,-4.6533,-120.969,8.00074e-13
212845691.0,-4.6293,-120.469,8.97697e-13
212846493.0,-4.6052,-116.969,2.00969e-12
212847295.0,-4.5812,-121.969,6.35521e-13
212848096.0,-4.5571,-121.469,7.13066e-13
212848898.0,-4.5331,-121.969,6.35521e-13
212849699.0,-4.5090,-123.469,4.49915e-13
212850501.0,-4.4850,-122.469,5.66409e-13
212851303.0,-4.4609,-123.969,4.00987e-13
212852104.0,-4.4369,-122.469,5.66409e-13
212852906.0,-4.4128,-117.469,1.79114e-12
212853707.0,-4.3888,-116.969,2.00969e-12
212854509.0,-4.3647,-123.969,4.00987e-13
212855311.0,-4.3407,-119.969,1.00723e-12
212856112.0,-4.3166,-120.469,8.97697e-13
212856914.0,-4.2926,-120.469,8.97697e-13
212857715.0,-4.2685,-119.969,1.00723e-12
212858517.0,-4.2445,-121.469,7.13066e-13
212859319.0,-4.2204,-118.969,1.26803e-12
212860120.0,-4.1964,-121.469,7.13066e-13
212860922.0,-4.1723,-119.969,1.00723e-12
212861723.0,-4.1483,-114.969,3.18515e-12
212862525.0,-4.1242,-122.469,5.66409e-13
212863327.0,-4.1002,-116.969,2.00969e-12
212864128.0,-4.0762,-123.469,4.49915e-13
212864930.0,-4.0521,-120.969,8.00074e-13
212865731.0,-4.0281,-119.469,1.13013e-12
212866533.0,-4.0040,-118.969,1.26803e-12
212867335.0,-3.9799,-119.969,1.00723e-12
212868136.0,-3.9559,-119.469,1.13013e-12
212868938.0,-3.9319,-123.969,4.00987e-13
212869739.0,-3.9078,-121.969,6.35521e-13
212870541.0,-3.8838,-120.469,8.97697e-13
212871343.0,-3.8597,-117.469,1.79114e-12
212872144.0,-3.8357,-120.469,8.97697e-13
212872946.0,-3.8116,-125.469,2.83877e-13
212873747.0,-3.7876,-121.969,6.35521e-13
212874549.0,-3.7635,-122.969,5.04812e-13
212875351.0,-3.7395,-121.469,7.13066e-13
212876152.0,-3.7154,-115.969,2.53006e-12
212876954.0,-3.6914,-125.469,2.83877e-13
212877755.0,-3.6673,-121.969,6.35521e-13
212878557.0,-3.6433,-120.969,8.00074e-13
212879359.0,-3.6192,-121.469,7.13066e-13
212880160.0,-3.5952,-119.469,1.13013e-12
212880962.0,-3.5711,-118.969,1.26803e-12
212881763.0,-3.5471,-118.969,1.26803e-12
212882565.0,-3.5230,-119.469,1.13013e-12
212883367.0,-3.4990,-121.469,7.13066e-13
212884168.0,-3.4750,-122.469,5.66409e-13
212884970.0,-3.4509,-118.469,1.42275e-12
212885771.0,-3.4269,-123.969,4.00987e-13
212886573.0,-3.4028,-117.969,1.59636e-12
212887375.0,-3.3787,-117.469,1.79114e-12
212888176.0,-3.3547,-118.469,1.42275e-12
212888978.0,-3.3307,-122.969,5.04812e-13
212889779.0,-3.3066,-120.969,8.00074e-13
212890581.0,-3.2826,-125.469,2.83877e-13
212891383.0,-3.2585,-123.469,4.49915e-13
212892184.0,-3.2345,-115.469,2.83877e-12
212892986.0,-3.2104,-117.469,1.79114e-12
212893787.0,-3.1864,-122.969,5.04812e-13
212894589.0,-3.1623,-119.969,1.00723e-12
212895391.0,-3.1383,-123.469,4.49915e-13
212896192.0,-3.1142,-120.969,8.00074e-13
212896994.0,-3.0902,-120.469,8.97697e-13
212897795.0,-3.0661,-122.469,5.66409e-13
212898597.0,-3.0421,-123.969,4.00987e-13
212899399.0,-3.0180,-122.469,5.66409e-13
212900200.0,-2.9940,-123.469,4.49915e-13
212901002.0,-2.9699,-119.969,1.00723e-12
212901804.0,-2.9459,-121.969,6.35521e-13
212902605.0,-2.9218,-118.969,1.26803e-12
212903407.0,-2.8978,-121.469,7.13066e-13
212904208.0,-2.8738,-120.469,8.97697e-13
212905010.0,-2.8497,-116.969,2.00969e-12
212905812.0,-2.8256,-122.969,5.04812e-13
212906613.0,-2.8016,-119.969,1.00723e-12
212907415.0,-2.7775,-119.969,1.00723e-12
212908216.0,-2.7535,-118.469,1.42275e-12
212909018.0,-2.7295,-121.469,7.13066e-13
212909820.0,-2.7054,-116.969,2.00969e-12
212910621.0,-2.6814,-120.469,8.97697e-13
212911423.0,-2.6573,-118.469,1.42275e-12
212912224.0,-2.6333,-120.969,8.00074e-13
212913026.0,-2.6092,-121.469,7.13066e-13
212913828.0,-2.5852,-118.469,1.42275e-12
212914629.0,-2.5611,-126.469,2.25491e-13
212915431.0,-2.5371,-117.969,1.59636e-12
212916232.0,-2.5130,-123.969,4.00987e-13
212917034.0,-2.4890,-118.969,1.26803e-12
212917836.0,-2.4649,-121.469,7.13066e-13
212918637.0,-2.4409,-125.469,2.83877e-13
212919439.0,-2.4168,-120.469,8.97697e-13
212920240.0,-2.3928,-121.969,6.35521e-13
212921042.0,-2.3687,-114.969,3.18515e-12
212921844.0,-2.3447,-117.469,1.79114e-12
212922645.0,-2.3206,-119.469,1.13013e-12
212923447.0,-2.2966,-121.469,7.13066e-13
212924248.0,-2.2726,-114.469,3.5738e-12
212925050.0,-2.2485,-123.969,4.00987e-13
212925852.0,-2.2244,-122.969,5.04812e-13
212926653.0,-2.2004,-123.469,4.49915e-13
212927455.0,-2.1763,-123.469,4.49915e-13
212928256.0,-2.1523,-120.969,8.00074e-13
212929058.0,-2.1283,-121.469,7.13066e-13
212929860.0,-2.1042,-118.469,1.42275e-12
212930661.0,-2.0802,-121.469,7.13066e-13
212931463.0,-2.0561,-120.469,8.97697e-13
212932264.0,-2.0321,-118.969,1.26803e-12
212933066.0,-2.0080,-120.469,8.97697e-13
212933868.0,-1.9840,-117.469,1.79114e-12
212934669.0,-1.9599,-120.469,8.97697e-13
212935471.0,-1.9359,-125.469,2.83877e-13
212936272.0,-1.9118,-120.969,8.00074e-13
212937074.0,-1.8878,-118.469,1.42275e-12
212937876.0,-1.8637,-115.469,2.83877e-12
212938677.0,-1.8397,-118.969,1.26803e-12
212939479.0,-1.8156,-119.469,1.13013e-12
212940280.0,-1.7916,-122.969,5.04812e-13
212941082.0,-1.7675,-120.969,8.00074e-13
212941884.0,-1.7435,-123.969,4.00987e-13
212942685.0,-1.7194,-123.969,4.00987e-13
212943487.0,-1.6954,-120.969,8.00074e-13
212944288.0,-1.6714,-121.969,6.35521e-13
212945090.0,-1.6473,-119.469,1.13013e-12
212945892.0,-1.6232,-121.969,6.35521e-13
212946693.0,-1.5992,-122.469,5.66409e-13
212947495.0,-1.5751,-121.969,6.35521e-13
212948296.0,-1.5511,-120.969,8.00074e-13
212949098.0,-1.5271,-117.969,1.59636e-12
212949900.0,-1.5030,-117.969,1.59636e-12
212950701.0,-1.4790,-120.469,8.97697e-13
212951503.0,-1.4549,-122.469,5.66409e-13
212952304.0,-1.4309,-121.969,6.35521e-13
212953106.0,-1.4068,-120.969,8.00074e-13
212953908.0,-1.3828,-123.969,4.00987e-13
212954709.0,-1.3587,-118.469,1.42275e-12
212955511.0,-1.3347,-121.469,7.13066e-13
212956312.0,-1.3106,-124.469,3.5738e-13
212957114.0,-1.2866,-120.969,8.00074e-13
212957916.0,-1.2625,-120.469,8.97697e-13
212958717.0,-1.2385,-117.969,1.59636e-12
212959519.0,-1.2144,-121.969,6.35521e-13
212960320.0,-1.1904,-117.969,1.59636e-12
212961122.0,-1.1663,-119.469,1.13013e-12
212961924.0,-1.1423,-115.969,2.53006e-12
212962725.0,-1.1182,-116.469,2.25491e-12
212963527.0,-1.0942,-120.469,8.97697e-13
212964328.0,-1.0702,-122.469,5.66409e-13
212965130.0,-1.0461,-119.469,1.13013e-12
212965932.0,-1.0220,-122.969,5.04812e-13
212966733.0,-0.9980,-116.969,2.00969e-12
212967535.0,-0.9739,-121.469,7.13066e-13
212968337.0,-0.9499,-124.469,3.5738e-13
212969138.0,-0.9259,-118.969,1.26803e-12
212969940.0,-0.9018,-113.969,4.00987e-12
212970741.0,-0.8778,-118.969,1.26803e-12
212971543.0,-0.8537,-121.969,6.35521e-13
212972345.0,-0.8296,-119.469,1.13013e-12
212973146.0,-0.8056,-111.469,7.13066e-12
212973948.0,-0.7816,-115.969,2.53006e-12
212974749.0,-0.7575,-120.469,8.97697e-13
212975551.0,-0.7335,-118.969,1.26803e-12
212976353.0,-0.7094,-121.969,6.35521e-13
212977154.0,-0.6854,-123.469,4.49915e-13
212977956.0,-0.6613,-120.469,8.97697e-13
212978757.0,-0.6373,-124.469,3.5738e-13
212979559.0,-0.6132,-118.969,1.26803e-12
212980361.0,-0.5892,-117.969,1.59636e-12
212981162.0,-0.5651,-123.969,4.00987e-13
212981964.0,-0.5411,-120.469,8.97697e-13
212982765.0,-0.5171,-118.969,1.26803e-12
212983567.0,-0.4930,-117.969,1.59636e-12
212984369.0,-0.4689,-112.469,5.66409e-12
212985170.0,-0.4449,-115.469,2.83877e-12
212985972.0,-0.4208,-121.969,6.35521e-13
212986773.0,-0.3968,-120.469,8.97697e-13
212987575.0,-0.3727,-117.969,1.59636e-12
212988377.0,-0.3487,-124.969,3.18515e-13
212989178.0,-0.3247,-123.969,4.00987e-13
212989980.0,-0.3006,-117.969,1.59636e-12
212990781.0,-0.2766,-118.969,1.26803e-12
212991583.0,-0.2525,-118.969,1.26803e-12
212992385.0,-0.2284,-121.469,7.13066e-13
212993186.0,-0.2044,-118.469,1.42275e-12
212993988.0,-0.1804,-117.969,1.59636e-12
212994789.0,-0.1563,-123.469,4.49915e-13
212995591.0,-0.1323,-123.969,4.00987e-13
212996393.0,-0.1082,-117.969,1.59636e-12
212997194.0,-0.0842,-121.969,6.35521e-13
212997996.0,-0.0601,-107.969,1.59636e-11
212998797.0,-0.0361,-69.969,1.00722e-07
212999599.0,-0.0120,-60.969,8.00064e-07
213000401.0,0.0120,-61.969,6.35514e-07
213001203.0,0.0361,-74.969,3.18511e-08
213002004.0,0.0601,-115.969,2.53006e-12
213002806.0,0.0842,-119.969,1.00723e-12
213003607.0,0.1082,-119.469,1.13013e-12
213004409.0,0.1323,-122.969,5.04812e-13
213005211.0,0.1563,-120.969,8.00074e-13
213006012.0,0.1804,-118.969,1.26803e-12
213006814.0,0.2044,-106.969,2.00969e-11
213007615.0,0.2284,-106.469,2.25491e-11
213008417.0,0.2525,-114.469,3.5738e-12
213009219.0,0.2766,-120.969,8.00074e-13
213010020.0,0.3006,-118.969,1.26803e-12
213010822.0,0.3247,-116.469,2.25491e-12
213011623.0,0.3487,-120.469,8.97697e-13
213012425.0,0.3727,-117.969,1.59636e-12
213013227.0,0.3968,-120.969,8.00074e-13
213014028.0,0.4208,-118.469,1.42275e-12
213014830.0,0.4449,-116.469,2.25491e-12
213015631.0,0.4689,-119.469,1.13013e-12
213016433.0,0.4930,-116.469,2.25491e-12
213017235.0,0.5171,-122.469,5.66409e-13
213018036.0,0.5411,-116.469,2.25491e-12
213018838.0,0.5651,-114.469,3.5738e-12
213019639.0,0.5892,-118.969,1.26803e-12
213020441.0,0.6132,-118.969,1.26803e-12
213021243.0,0.6373,-116.469,2.25491e-12
213022044.0,0.6613,-115.969,2.53006e-12
213022846.0,0.6854,-114.469,3.5738e-12
213023647.0,0.7094,-120.469,8.97697e-13
213024449.0,0.7335,-122.969,5.04812e-13
213025251.0,0.7575,-119.469,1.13013e-12
213026052.0,0.7816,-111.469,7.13066e-12
213026854.0,0.8056,-113.469,4.49915e-12
213027655.0,0.8296,-116.469,2.25491e-12
213028457.0,0.8537,-115.969,2.53006e-12
213029259.0,0.8778,-117.469,1.79114e-12
213030060.0,0.9018,-112.469,5.66409e-12
213030862.0,0.9259,-117.969,1.59636e-12
213031663.0,0.9499,-118.969,1.26803e-12
213032465.0,0.9739,-120.469,8.97697e-13
213033267.0,0.9980,-113.469,4.49915e-12
213034068.0,1.0220,-119.469,1.13013e-12
213034870.0,1.0461,-114.969,3.18515e-12
213035672.0,1.0702,-122.969,5.04812e-13
213036473.0,1.0942,-122.969,5.04812e-13
213037275.0,1.1182,-122.469,5.66409e-13
213038076.0,1.1423,-119.969,1.00723e-12
213038878.0,1.1663,-121.969,6.35521e-13
213039680.0,1.1904,-116.969,2.00969e-12
213040481.0,1.2144,-124.469,3.5738e-13
213041283.0,1.2385,-115.969,2.53006e-12
213042084.0,1.2625,-120.469,8.97697e-13
213042886.0,1.2866,-124.469,3.5738e-13
213043688.0,1.3106,-123.969,4.00987e-13
213044489.0,1.3347,-126.969,2.00969e-13
213045291.0,1.3587,-123.969,4.00987e-13
213046092.0,1.3828,-122.969,5.04812e-13
213046894.0,1.4068,-120.469,8.97697e-13
213047696.0,1.4309,-123.969,4.00987e-13
213048497.0,1.4549,-123.469,4.49915e-13
213049299.0,1.4790,-123.969,4.00987e-13
213050100.0,1.5030,-120.469,8.97697e-13
213050902.0,1.5271,-117.969,1.59636e-12
213051704.0,1.5511,-121.969,6.35521e-13
213052505.0,1.5751,-122.469,5.66409e-13
213053307.0,1.5992,-116.969,2.00969e-12
213054108.0,1.6232,-119.469,1.13013e-12
213054910.0,1.6473,-119.969,1.00723e-12
213055712.0,1.6714,-120.969,8.00074e-13
213056513.0,1.6954,-117.969,1.59636e-12
213057315.0,1.7194,-124.969,3.18515e-13
213058116.0,1.7435,-120.469,8.97697e-13
213058918.0,1.7675,-117.969,1.59636e-12
213059720.0,1.7916,-124.969,3.18515e-13
213060521.0,1.8156,-122.469,5.66409e-13
213061323.0,1.8397,-122.469,5.66409e-13
213062124.0,1.8637,-118.469,1.42275e-12
213062926.0,1.8878,-120.969,8.00074e-13
213063728.0,1.9118,-120.969,8.00074e-13
213064529.0,1.9359,-122.969,5.04812e-13
213065331.0,1.9599,-121.469,7.13066e-13
213066132.0,1.9840,-122.969,5.04812e-13
213066934.0,2.0080,-122.469,5.66409e-13
213067736.0,2.0321,-125.469,2.83877e-13
213068537.0,2.0561,-121.969,6.35521e-13
213069339.0,2.0802,-119.969,1.00723e-12
213070140.0,2.1042,-121.469,7.13066e-13
213070942.0,2.1283,-121.969,6.35521e-13
213071744.0,2.1523,-123.469,4.49915e-13
213072545.0,2.1763,-115.969,2.53006e-12
213073347.0,2.2004,-119.969,1.00723e-12
213074148.0,2.2244,-119.969,1.00723e-12
213074950.0,2.2485,-121.969,6.35521e-13
213075752.0,2.2726,-125.969,2.53006e-13
213076553.0,2.2966,-122.469,5.66409e-13
213077355.0,2.3206,-125.969,2.53006e-13
213078156.0,2.3447,-119.969,1.00723e-12
213078958.0,2.3687,-118.469,1.42275e-12
213079760.0,2.3928,-120.969,8.00074e-13
213080561.0,2.4168,-123.969,4.00987e-13
213081363.0,2.4409,-122.469,5.66409e-13
213082164.0,2.4649,-118.469,1.42275e-12
213082966.0,2.4890,-117.969,1.59636e-12
213083768.0,2.5130,-121.969,6.35521e-13
213084569.0,2.5371,-117.969,1.59636e-12
213085371.0,2.5611,-120.469,8.97697e-13
213086172.0,2.5852,-119.469,1.13013e-12
213086974.0,2.6092,-120.469,8.97697e-13
213087776.0,2.6333,-121.969,6.35521e-13
213088577.0,2.6573,-121.969,6.35521e-13
213089379.0,2.6814,-120.469,8.97697e-13
213090180.0,2.7054,-119.469,1.13013e-12
213090982.0,2.7295,-119.469,1.13013e-12
213091784.0,2.7535,-121.469,7.13066e-13
213092585.0,2.7775,-125.469,2.83877e-13
213093387.0,2.8016,-120.969,8.00074e-13
213094188.0,2.8256,-120.969,8.00074e-13
213094990.0,2.8497,-119.969,1.00723e-12
213095792.0,2.8738,-123.969,4.00987e-13
213096593.0,2.8978,-122.969,5.04812e-13
213097395.0,2.9218,-125.469,2.83877e-13
213098196.0,2.9459,-119.969,1.00723e-12
213098998.0,2.9699,-119.969,1.00723e-12
213099800.0,2.9940,-122.469,5.66409e-13
213100601.0,3.0180,-120.969,8.00074e-13
213101403.0,3.0421,-119.969,1.00723e-12
213102205.0,3.0661,-118.969,1.26803e-12
213103006.0,3.0902,-117.469,1.79114e-12
213103808.0,3.1142,-120.969,8.00074e-13
213104609.0,3.1383,-123.469,4.49915e-13
213105411.0,3.1623,-123.969,4.00987e-13
213106213.0,3.1864,-120.969,8.00074e-13
213107014.0,3.2104,-118.969,1.26803e-12
213107816.0,3.2345,-120.469,8.97697e-13
213108617.0,3.2585,-122.969,5.04812e-13
213109419.0,3.2826,-118.469,1.42275e-12
213110221.0,3.3066,-117.469,1.79114e-12
213111022.0,3.3307,-120.469,8.97697e-13
213111824.0,3.3547,-123.469,4.49915e-13
213112625.0,3.3787,-119.469,1.13013e-12
213113427.0,3.4028,-118.969,1.26803e-12
213114229.0,3.4269,-115.969,2.53006e-12
213115030.0,3.4509,-118.969,1.26803e-12
213115832.0,3.4750,-117.969,1.59636e-12
213116633.0,3.4990,-118.969,1.26803e-12
213117435.0,3.5230,-122.469,5.66409e-13
213118237.0,3.5471,-117.969,1.59636e-12
213119038.0,3.5711,-119.969,1.00723e-12
213119840.0,3.5952,-121.969,6.35521e-13
213120641.0,3.6192,-123.969,4.00987e-13
213121443.0,3.6433,-118.969,1.26803e-12
213122245.0,3.6673,-115.969,2.53006e-12
213123046.0,3.6914,-118.469,1.42275e-12
213123848.0,3.7154,-122.469,5.66409e-13
213124649.0,3.7395,-122.469,5.66409e-13
213125451.0,3.7635,-121.969,6.35521e-13
213126253.0,3.7876,-119.469,1.13013e-12
213127054.0,3.8116,-119.969,1.00723e-12
213127856.0,3.8357,-120.469,8.97697e-13
213128657.0,3.8597,-120.969,8.00074e-13
213129459.0,3.8838,-122.969,5.04812e-13
213130261.0,3.9078,-120.469,8.97697e-13
213131062.0,3.9319,-120.969,8.00074e-13
213131864.0,3.9559,-118.969,1.26803e-12
213132665.0,3.9799,-119.969,1.00723e-12
213133467.0,4.0040,-121.969,6.35521e-13
213134269.0,4.0281,-122.969,5.04812e-13
213135070.0,4.0521,-117.969,1.59636e-12
213135872.0,4.0762,-121.969,6.35521e-13
213136673.0,4.1002,-116.469,2.25491e-12
213137475.0,4.1242,-123.969,4.00987e-13
213138277.0,4.1483,-123.969,4.00987e-13
213139078.0,4.1723,-123.469,4.49915e-13
213139880.0,4.1964,-119.469,1.13013e-12
213140681.0,4.2204,-121.969,6.35521e-13
213141483.0,4.2445,-121.969,6.35521e-13
213142285.0,4.2685,-121.469,7.13066e-13
213143086.0,4.2926,-116.969,2.00969e-12
213143888.0,4.3166,-120.469,8.97697e-13
213144689.0,4.3407,-120.969,8.00074e-13
213145491.0,4.3647,-125.469,2.83877e-13
213146293.0,4.3888,-117.969,1.59636e-12
213147094.0,4.4128,-121.469,7.13066e-13
213147896.0,4.4369,-123.469,4.49915e-13
213148697.0,4.4609,-123.469,4.49915e-13
213149499.0,4.4850,-120.469,8.97697e-13
213150301.0,4.5090,-118.969,1.26803e-12
213151102.0,4.5331,-123.469,4.49915e-13
213151904.0,4.5571,-119.469,1.13013e-12
213152705.0,4.5812,-122.969,5.04812e-13
213153507.0,4.6052,-120.969,8.00074e-13
213154309.0,4.6293,-119.469,1.13013e-12
213155110.0,4.6533,-119.469,1.13013e-12
213155912.0,4.6774,-116.469,2.25491e-12
213156713.0,4.7014,-117.969,1.59636e-12
213157515.0,4.7254,-116.469,2.25491e-12
213158317.0,4.7495,-122.469,5.66409e-13
213159118.0,4.7735,-122.469,5.66409e-13
213159920.0,4.7976,-122.469,5.66409e-13
213160721.0,4.8216,-124.469,3.5738e-13
213161523.0,4.8457,-124.469,3.5738e-13
213162325.0,4.8697,-122.469,5.66409e-13
213163126.0,4.8938,-124.469,3.5738e-13
213163928.0,4.9178,-118.969,1.26803e-12
213164729.0,4.9419,-114.969,3.18515e-12
213165531.0,4.9659,-122.469,5.66409e-13
213166333.0,4.9900,-114.469,3.5738e-12
213167134.0,5.0140,-122.969,5.04812e-13
213167936.0,5.0381,-120.969,8.00074e-13
213168738.0,5.0621,-120.469,8.97697e-13
213169539.0,5.0862,-119.969,1.00723e-12
213170341.0,5.1102,-121.969,6.35521e-13
213171142.0,5.1343,-118.469,1.42275e-12
213171944.0,5.1583,-119.969,1.00723e-12
213172746.0,5.1824,-113.969,4.00987e-12
213173547.0,5.2064,-124.469,3.5738e-13
213174349.0,5.2305,-122.469,5.66409e-13
213175150.0,5.2545,-118.469,1.42275e-12
213175952.0,5.2786,-120.969,8.00074e-13
213176754.0,5.3026,-121.969,6.35521e-13
213177555.0,5.3266,-123.969,4.00987e-13
213178357.0,5.3507,-123.469,4.49915e-13
213179158.0,5.3747,-118.969,1.26803e-12
213179960.0,5.3988,-124.969,3.18515e-13
213180762.0,5.4229,-123.469,4.49915e-13
213181563.0,5.4469,-120.469,8.97697e-13
213182365.0,5.4709,-120.469,8.97697e-13
213183166.0,5.4950,-119.469,1.13013e-12
213183968.0,5.5190,-122.969,5.04812e-13
213184770.0,5.5431,-123.469,4.49915e-13
213185571.0,5.5671,-123.469,4.49915e-13
213186373.0,5.5912,-115.969,2.53006e-12
213187174.0,5.6152,-121.969,6.35521e-13
213187976.0,5.6393,-124.969,3.18515e-13
213188778.0,5.6633,-120.969,8.00074e-13
213189579.0,5.6874,-121.969,6.35521e-13
213190381.0,5.7114,-123.969,4.00987e-13
213191182.0,5.7355,-117.469,1.79114e-12
213191984.0,5.7595,-121.469,7.13066e-13
213192786.0,5.7836,-118.969,1.26803e-12
213193587.0,5.8076,-123.969,4.00987e-13
213194389.0,5.8317,-116.969,2.00969e-12
213195190.0,5.8557,-125.969,2.53006e-13
213195992.0,5.8798,-116.469,2.25491e-12
213196794.0,5.9038,-118.969,1.26803e-12
213197595.0,5.9278,-120.469,8.97697e-13
213198397.0,5.9519,-118.969,1.26803e-12
213199198.0,5.9759,-125.969,2.53006e-13
213200000.0,6.0000,-124.969,3.18515e-13
